price,resid_area,air_qual,room_num,age,teachers,poor_prop,n_hos_beds,n_hot_rooms,rainfall,parks,Sold,avg_dist,airport_YES,waterbody_Lake,waterbody_Lake and River,waterbody_River
24.0,32.31,0.5379999999999999,6.575,65.2,24.7,4.98,5.48,11.192,23,0.049347305999999994,0,4.0875,1,0,0,1
21.6,37.07,0.469,6.421,78.9,22.2,9.14,7.332000000000001,12.1728,42,0.046145633,1,4.9675,0,1,0,0
34.7,37.07,0.469,7.185,61.1,22.2,4.03,7.394,46.19856,38,0.045763965999999996,0,4.9675,0,0,0,0
33.4,32.18,0.45799999999999996,6.997999999999999,45.8,21.3,2.94,9.267999999999999,11.2672,45,0.047150597999999995,0,6.065,1,1,0,0
36.2,32.18,0.45799999999999996,7.147,54.2,21.3,5.33,8.824,11.2896,55,0.039474005,0,6.0625,0,1,0,0
28.7,32.18,0.45799999999999996,6.43,58.7,21.3,5.21,7.1739999999999995,14.2296,53,0.045909647000000005,1,6.0600000000000005,1,0,0,0
22.9,37.87,0.524,6.0120000000000005,66.6,24.8,12.43,6.957999999999999,12.1832,41,0.052169908,1,5.56,1,0,0,1
22.1,37.87,0.524,6.172000000000001,96.1,24.8,19.15,5.8420000000000005,12.1768,56,0.057074901,1,5.95,0,1,0,0
16.5,37.87,0.524,5.631,100.0,24.8,29.93,5.93,12.132,55,0.056302495,0,6.0825,1,0,0,0
18.9,37.87,0.524,6.004,85.9,24.8,17.1,9.478,14.1512,45,0.050727252,0,6.59,1,0,0,1
15.0,37.87,0.524,6.377000000000001,94.3,24.8,20.45,6.0,11.12,29,0.057775257999999996,1,6.3475,0,1,0,0
18.9,37.87,0.524,6.0089999999999995,82.9,24.8,13.27,9.277999999999999,13.1512,23,0.055236508,1,6.2250000000000005,0,0,1,0
21.7,37.87,0.524,5.888999999999999,39.0,24.8,15.71,5.534,10.1736,57,0.057423247999999996,1,5.452499999999999,1,0,1,0
20.4,38.14,0.5379999999999999,5.949,61.8,19.0,8.26,5.9079999999999995,14.1632,39,0.053463955,0,4.7075,1,0,0,0
18.2,38.14,0.5379999999999999,6.096,84.5,19.0,10.26,6.9639999999999995,13.1456,49,0.059882129000000006,0,4.465,0,0,0,0
19.9,38.14,0.5379999999999999,5.834,56.5,19.0,8.47,8.498,14.1592,28,0.059750758,0,4.4975,1,0,0,1
23.1,38.14,0.5379999999999999,5.935,29.3,19.0,6.58,5.462000000000001,10.1848,46,0.054698587,0,4.5,0,0,0,0
17.5,38.14,0.5379999999999999,5.99,81.7,19.0,14.67,5.45,11.14,56,0.05478547,1,4.26,0,1,0,0
20.2,38.14,0.5379999999999999,5.456,36.6,19.0,11.69,8.504,12.1616,41,0.054250839,0,3.795,1,0,1,0
18.2,38.14,0.5379999999999999,5.727,69.5,19.0,11.28,8.564,12.1456,27,0.057770199,1,3.8,0,0,1,0
13.6,38.14,0.5379999999999999,5.57,98.1,19.0,21.02,8.272,15.1088,44,0.048317527,0,3.7975,1,0,1,0
19.6,38.14,0.5379999999999999,5.965,89.2,19.0,13.83,9.192,14.1568,23,0.054040555,0,4.0125,1,0,0,0
15.2,38.14,0.5379999999999999,6.142,91.7,19.0,18.72,5.803999999999999,14.1216,48,0.057413663,1,3.9799999999999995,1,0,0,1
14.5,38.14,0.5379999999999999,5.813,100.0,19.0,19.88,7.49,13.116,29,0.052609397,0,4.095000000000001,1,1,0,0
15.6,38.14,0.5379999999999999,5.9239999999999995,94.1,19.0,16.3,8.212,13.1248,27,0.050109252,1,4.4,1,1,0,0
13.9,38.14,0.5379999999999999,5.599,85.7,19.0,16.51,9.378,13.1112,35,0.051585152,0,4.455,1,0,0,1
16.6,38.14,0.5379999999999999,5.813,90.3,19.0,14.81,9.732000000000001,12.1328,59,0.04753336,1,4.682500000000001,0,1,0,0
14.8,38.14,0.5379999999999999,6.047000000000001,88.8,19.0,17.28,8.696,13.1184,20,0.048746294,1,4.4525,1,1,0,0
18.4,38.14,0.5379999999999999,6.495,94.4,19.0,12.8,5.968,15.1472,35,0.054327375,1,4.455,1,0,0,1
21.0,38.14,0.5379999999999999,6.6739999999999995,87.3,19.0,11.98,9.02,12.168,50,0.048769785,0,4.24,0,0,0,1
12.7,38.14,0.5379999999999999,5.712999999999999,94.1,19.0,22.6,9.854,12.1016,34,0.058542025,0,4.2325,0,1,0,0
14.5,38.14,0.5379999999999999,6.072,100.0,19.0,13.04,9.29,12.116,23,0.052254284000000005,1,4.175,1,0,0,0
13.2,38.14,0.5379999999999999,5.95,82.0,19.0,27.71,8.764,14.1056,25,0.053285159000000006,0,3.9924999999999997,0,0,0,1
13.1,38.14,0.5379999999999999,5.7010000000000005,95.0,19.0,18.35,8.362,15.1048,25,0.057017179,1,3.7875,1,0,0,0
13.5,38.14,0.5379999999999999,6.096,96.9,19.0,20.34,9.67,11.107999999999999,40,0.049603305,0,3.7600000000000002,1,0,0,0
18.9,35.96,0.499,5.933,68.2,20.8,9.68,9.478,11.1512,43,0.052911735,1,3.36,1,0,0,1
20.0,35.96,0.499,5.841,61.4,20.8,11.41,7.5,15.16,39,0.045356817,0,3.3775,0,0,0,0
21.0,35.96,0.499,5.85,41.5,20.8,8.77,8.12,10.168,21,0.050974724000000006,0,3.9350000000000005,1,0,0,1
24.2,35.96,0.499,5.966,30.2,20.8,10.13,8.184,10.1936,21,0.048389259000000004,1,3.8475,1,0,0,1
30.8,32.95,0.428,6.595,21.8,21.7,4.32,6.916,12.2464,49,0.04505119900000001,1,5.4,1,0,0,1
34.9,32.95,0.428,7.024,15.8,21.7,1.98,6.1979999999999995,15.2792,20,0.042761796,1,5.4025,1,0,0,1
26.6,36.91,0.44799999999999995,6.77,2.9,22.1,4.84,7.732,13.2128,30,0.04943941,1,5.7225,0,0,1,0
25.3,36.91,0.44799999999999995,6.169,6.6,22.1,5.81,8.106,15.2024,52,0.041829995,1,5.7225,0,0,0,1
24.7,36.91,0.44799999999999995,6.211,6.5,22.1,7.44,6.093999999999999,15.1976,56,0.044818593,1,5.72,1,0,0,1
21.2,36.91,0.44799999999999995,6.069,40.0,22.1,9.55,9.024,12.1696,53,0.039936942,0,5.7225,0,0,0,1
19.3,36.91,0.44799999999999995,5.682,33.8,22.1,10.21,8.086,11.1544,21,0.044495948,0,5.1025,0,0,0,1
20.0,36.91,0.44799999999999995,5.7860000000000005,33.3,22.1,14.15,9.3,12.16,39,0.045462478,0,5.1,1,1,0,0
16.6,36.91,0.44799999999999995,6.03,85.5,22.1,18.8,5.332000000000001,12.1328,44,0.052566062000000004,0,5.6899999999999995,1,0,0,1
14.4,36.91,0.44799999999999995,5.399,95.3,22.1,30.81,7.087999999999999,14.1152,34,0.042666167000000005,0,5.87,0,0,0,0
19.4,36.91,0.44799999999999995,5.602,62.0,22.1,16.2,5.9879999999999995,13.1552,45,0.050609653,0,6.0875,0,0,1,0
19.7,35.64,0.439,5.962999999999999,45.7,23.2,13.45,7.899767068273099,11.1576,21,0.040388562,1,6.8149999999999995,1,0,0,1
20.5,35.64,0.439,6.115,63.0,23.2,9.43,7.01,11.164000000000001,30,0.047270245999999995,1,6.8175,1,1,0,0
25.0,35.64,0.439,6.511,21.1,23.2,5.28,9.9,14.2,56,0.046151955,1,6.8175,0,0,0,1
23.4,35.64,0.439,5.997999999999999,21.4,23.2,8.43,9.168,11.1872,41,0.041560598,1,6.815,0,0,0,1
18.9,34.0,0.41,5.888,47.6,18.9,14.8,8.677999999999999,15.1512,55,0.038684066,0,7.3175,1,0,0,0
35.4,31.22,0.40299999999999997,7.249,21.9,22.1,4.81,7.507999999999999,13.2832,50,0.047984816,0,8.6975,1,0,0,1
24.7,30.74,0.41,6.382999999999999,35.7,22.7,5.77,5.794,15.1976,22,0.038214107000000004,0,9.1875,1,1,0,0
31.6,31.32,0.41100000000000003,6.816,40.5,24.9,3.95,7.432,15.2528,45,0.042595272999999996,0,8.325,1,1,0,0
23.3,35.13,0.45299999999999996,6.145,29.2,20.3,6.86,7.8660000000000005,14.1864,22,0.04378357,0,7.815,0,0,0,0
19.6,35.13,0.45299999999999996,5.9270000000000005,47.2,20.3,9.22,6.192,14.1568,20,0.045900171,0,6.93,1,0,0,0
18.7,35.13,0.45299999999999996,5.7410000000000005,66.2,20.3,13.15,7.974,11.1496,30,0.043822595,0,7.225,0,0,0,1
16.0,35.13,0.45299999999999996,5.966,93.4,20.3,14.44,6.22,15.128,48,0.038611012,1,6.82,0,0,0,1
22.2,35.13,0.45299999999999996,6.456,67.8,20.3,6.73,5.843999999999999,10.1776,56,0.043331952,0,7.225,1,0,0,0
25.0,35.13,0.45299999999999996,6.7620000000000005,43.4,20.3,9.5,5.9,13.2,28,0.046951062,0,7.982500000000001,1,0,1,0
33.0,31.38,0.4161,7.104,59.5,21.4,8.05,8.26,10.264000000000001,30,0.038988656000000003,0,9.2225,1,0,1,0
23.5,33.37,0.39799999999999996,6.29,17.8,23.9,4.67,9.47,12.187999999999999,20,0.037495888,1,6.6125,0,0,0,1
19.4,33.37,0.39799999999999996,5.787000000000001,31.1,23.9,10.24,8.988,11.1552,44,0.047875577,0,6.61,0,0,1,0
22.0,36.07,0.409,5.877999999999999,21.4,21.1,8.1,7.14,13.175999999999998,29,0.040528069,0,6.4975,1,0,0,1
17.4,36.07,0.409,5.593999999999999,36.8,21.1,13.09,8.847999999999999,15.1392,40,0.048420864,1,6.4975,0,0,0,1
20.9,36.07,0.409,5.885,33.0,21.1,8.79,8.318,11.1672,56,0.038387608,0,6.5,0,1,0,0
24.2,40.81,0.413,6.417000000000001,6.6,20.8,6.72,9.783999999999999,14.1936,38,0.040917773,1,5.285,1,0,0,1
21.7,40.81,0.413,5.961,17.5,20.8,9.88,10.033999999999999,13.1736,46,0.039985354,0,5.2875000000000005,0,0,1,0
22.8,40.81,0.413,6.065,7.8,20.8,5.52,5.856,10.1824,20,0.036089025,0,5.2875000000000005,0,0,0,1
23.4,40.81,0.413,6.245,6.2,20.8,7.54,5.968,12.1872,45,0.043322646,0,5.2875,1,1,0,0
24.1,42.83,0.43700000000000006,6.273,6.0,21.3,6.78,7.882000000000001,10.1928,40,0.038894328,0,4.2525,0,0,0,1
21.4,42.83,0.43700000000000006,6.2860000000000005,45.0,21.3,8.94,6.028,10.1712,28,0.038144597,1,4.505,0,0,0,0
20.0,42.83,0.43700000000000006,6.279,74.5,21.3,11.97,7.3,12.16,22,0.045274535,0,4.0525,0,0,0,0
20.8,42.83,0.43700000000000006,6.14,45.8,21.3,10.27,5.916,11.1664,57,0.041829282999999995,0,4.09,1,0,0,1
21.2,42.83,0.43700000000000006,6.232,53.7,21.3,12.34,8.824,15.1696,53,0.03764722,1,5.015,1,1,0,0
20.3,42.83,0.43700000000000006,5.874,36.6,21.3,9.1,6.406000000000001,15.1624,37,0.047111045,1,4.5025,0,0,1,0
28.0,34.86,0.426,6.727,33.5,21.0,5.29,6.46,14.224,54,0.037354248,1,5.4,1,1,0,0
23.9,34.86,0.426,6.619,70.4,21.0,7.22,5.577999999999999,12.1912,49,0.050032615999999995,0,5.4025,1,1,0,0
24.8,34.86,0.426,6.3020000000000005,32.2,21.0,6.72,6.096,10.1984,20,0.04682196,0,5.4025,0,0,0,1
22.9,34.86,0.426,6.167000000000001,46.7,21.0,7.51,7.558,10.1832,34,0.040448628,1,5.3999999999999995,1,1,0,0
23.9,34.49,0.449,6.388999999999999,48.0,21.5,9.62,6.678,14.1912,23,0.042125262000000004,0,4.78,0,1,0,0
26.6,34.49,0.449,6.63,56.1,21.5,6.53,9.732000000000001,12.2128,56,0.052065565999999994,1,4.44,0,0,0,1
22.5,34.49,0.449,6.015,45.1,21.5,12.86,5.95,11.18,50,0.047156577000000005,1,4.4275,1,0,0,1
22.2,34.49,0.449,6.121,56.8,21.5,8.44,7.244,12.1776,43,0.050998564,0,3.7475,1,0,0,0
23.6,33.41,0.489,7.007000000000001,86.3,22.2,5.5,6.972,10.1888,28,0.04554757,1,3.42,0,0,0,1
28.7,33.41,0.489,7.079,63.1,22.2,5.7,7.574,15.2296,31,0.047722824000000004,1,3.415,1,0,0,0
22.6,33.41,0.489,6.417000000000001,66.1,22.2,8.81,7.352,15.1808,58,0.042303075999999995,0,3.0925000000000002,1,1,0,0
22.0,33.41,0.489,6.405,73.9,22.2,8.2,8.24,13.175999999999998,23,0.045096039000000004,1,3.0925,0,0,0,1
22.9,45.04,0.46399999999999997,6.442,53.6,21.8,8.16,9.158,14.1832,60,0.051749737000000004,1,3.665,0,1,0,0
25.0,45.04,0.46399999999999997,6.211,28.9,21.8,6.21,10.3,14.2,46,0.049108902999999995,1,3.6675,0,0,1,0
20.6,45.04,0.46399999999999997,6.249,77.3,21.8,10.59,5.712000000000001,13.1648,54,0.046459979000000005,1,3.615,0,0,1,0
28.4,32.89,0.445,6.625,57.8,22.0,6.65,9.968,14.2272,46,0.046627460999999995,1,3.4949999999999997,0,0,0,1
21.4,32.89,0.445,6.162999999999999,69.6,22.0,11.34,10.228,12.1712,21,0.04621394400000001,1,3.4949999999999997,0,0,0,1
38.7,32.89,0.445,8.068999999999999,76.0,22.0,4.21,6.274,12.3096,53,0.041200534,1,3.495,1,0,0,1
43.8,32.89,0.445,7.82,36.9,22.0,3.57,10.876,10.3504,25,0.05112958099999999,0,3.4975,1,0,1,0
33.2,32.89,0.445,7.416,62.5,22.0,6.19,6.564,13.2656,31,0.050933645,1,3.4974999999999996,0,0,0,1
27.5,38.56,0.52,6.727,79.9,19.1,9.42,9.65,15.22,24,0.046955477999999995,0,2.7775,1,1,0,0
26.5,38.56,0.52,6.781000000000001,71.3,19.1,7.67,7.23,10.212,58,0.0444151,1,2.8575000000000004,1,0,0,1
18.6,38.56,0.52,6.405,85.4,19.1,10.63,6.772,13.1488,57,0.054341122,1,2.715,0,0,1,0
19.3,38.56,0.52,6.1370000000000005,87.4,19.1,13.44,6.886,14.1544,36,0.05540686,1,2.7125,1,0,0,0
20.1,38.56,0.52,6.167000000000001,90.0,19.1,12.33,7.102,10.1608,20,0.045728767999999996,1,2.4225000000000003,1,0,0,0
19.5,38.56,0.52,5.851,96.7,19.1,16.47,7.89,13.155999999999999,57,0.05142062,1,2.105,1,0,0,0
19.5,38.56,0.52,5.836,91.9,19.1,18.66,10.29,14.155999999999999,20,0.048169777000000004,0,2.21,1,1,0,0
20.4,38.56,0.52,6.127000000000001,85.2,19.1,14.09,6.007999999999999,14.1632,57,0.05169746,0,2.1225,1,0,1,0
19.8,38.56,0.52,6.474,97.1,19.1,12.27,8.596,10.1584,48,0.050114607,0,2.435,0,0,1,0
19.4,38.56,0.52,6.229,91.2,19.1,15.55,9.788,14.1552,41,0.055473931,0,2.545,1,0,0,0
21.7,38.56,0.52,6.195,54.4,19.1,13.0,6.934,10.1736,37,0.045227305999999995,0,2.7775000000000003,1,0,0,0
22.8,40.01,0.547,6.715,81.6,22.2,10.16,5.656000000000001,13.1824,34,0.05432915,1,2.675,1,0,0,1
18.8,40.01,0.547,5.912999999999999,92.9,22.2,16.21,7.899767068273099,15.1504,35,0.057643674000000006,0,2.3525,1,0,0,1
18.7,40.01,0.547,6.0920000000000005,95.4,22.2,17.09,10.074,10.1496,59,0.060331195,0,2.5475,1,0,0,1
18.5,40.01,0.547,6.254,84.2,22.2,10.45,6.67,12.148,39,0.056980267,1,2.255,0,0,1,0
18.3,40.01,0.547,5.928,88.2,22.2,15.76,7.566,11.1464,24,0.053824187999999995,1,2.4625000000000004,0,0,0,0
21.2,40.01,0.547,6.176,72.5,22.2,12.04,6.524,13.1696,23,0.052774054,1,2.73,0,0,0,0
19.2,40.01,0.547,6.021,82.6,22.2,10.3,9.484,15.1536,28,0.060808694,1,2.7475,0,0,1,0
20.4,40.01,0.547,5.872000000000001,73.1,22.2,15.37,8.008,14.1632,40,0.056588861,0,2.4775,1,0,0,1
19.3,40.01,0.547,5.731,65.2,22.2,13.61,10.186,11.1544,20,0.052908000999999996,1,2.7575000000000003,1,0,0,1
22.0,55.65,0.581,5.87,69.7,20.9,14.37,7.84,10.176,23,0.056973922999999996,1,2.2575,1,0,0,1
20.3,55.65,0.581,6.004,84.1,20.9,14.27,9.706,10.1624,39,0.056765616,1,2.1975000000000002,1,0,1,0
20.5,55.65,0.581,5.961,92.9,20.9,17.93,8.91,10.164,51,0.060720897,1,2.09,1,0,0,0
17.3,55.65,0.581,5.856,97.0,20.9,25.41,9.146,10.1384,51,0.052355372000000004,0,1.9449999999999998,1,1,0,0
18.8,55.65,0.581,5.879,95.8,20.9,17.58,6.276,13.1504,56,0.062119064,0,2.0075000000000003,0,0,0,1
21.4,55.65,0.581,5.986000000000001,88.4,20.9,14.81,8.128,14.1712,22,0.060716839,0,1.9899999999999998,1,1,0,0
15.7,55.65,0.581,5.6129999999999995,95.6,20.9,27.26,7.7139999999999995,10.1256,42,0.06346212700000001,0,1.755,0,1,0,0
16.2,51.89,0.624,5.693,96.0,18.8,17.19,5.9239999999999995,15.1296,31,0.056659877000000004,0,1.7875,1,0,0,0
18.0,51.89,0.624,6.431,98.8,18.8,15.39,8.16,14.144,41,0.056365005999999995,0,1.815,0,0,0,0
14.3,51.89,0.624,5.6370000000000005,94.7,18.8,18.34,7.886,10.1144,30,0.058060503,0,1.9825,1,1,0,0
19.2,51.89,0.624,6.457999999999999,98.9,18.8,12.6,8.984,13.1536,25,0.066273177,0,2.1175,1,0,0,0
19.6,51.89,0.624,6.3260000000000005,97.7,18.8,12.26,7.5920000000000005,12.1568,29,0.055879606,0,2.27,1,0,0,0
23.0,51.89,0.624,6.372000000000001,97.9,18.8,11.12,8.96,12.184000000000001,57,0.05495705,1,2.3275,1,0,1,0
18.4,51.89,0.624,5.822,95.4,18.8,15.03,10.267999999999999,10.1472,58,0.061670168,1,2.4725,1,0,1,0
15.6,51.89,0.624,5.757000000000001,98.4,18.8,17.31,9.012,11.1248,32,0.064571272,1,2.3475,0,0,1,0
18.1,51.89,0.624,6.335,98.2,18.8,16.96,7.862,11.1448,37,0.066297131,1,2.11,1,0,0,1
17.4,51.89,0.624,5.942,93.5,18.8,16.9,10.148,10.1392,37,0.062157471,1,1.9674999999999998,0,0,0,1
17.1,51.89,0.624,6.454,98.4,18.8,14.59,6.942,11.1368,40,0.067321325,1,1.8499999999999999,1,0,0,0
13.3,51.89,0.624,5.857,98.2,18.8,21.32,8.066,14.1064,39,0.059284665,1,1.6675,0,0,0,1
17.8,51.89,0.624,6.151,97.9,18.8,18.46,8.656,10.1424,29,0.059113982,0,1.6675,1,1,0,0
14.0,51.89,0.624,6.1739999999999995,93.6,18.8,24.16,5.68,10.112,28,0.056976992000000004,0,1.6125,0,1,0,0
14.4,51.89,0.624,5.019,100.0,18.8,34.41,9.988,12.1152,43,0.056051787,0,1.44,1,0,0,0
13.4,49.58,0.871,5.403,100.0,25.3,26.82,5.268,13.1072,42,0.080678048,0,1.3224999999999998,1,0,0,1
15.6,49.58,0.871,5.468,100.0,25.3,26.42,7.312,13.1248,25,0.07925606,0,1.4125,1,0,0,0
11.8,49.58,0.871,4.9030000000000005,97.8,25.3,29.29,6.636,13.0944,52,0.079429069,0,1.3450000000000002,1,0,0,1
13.8,49.58,0.871,6.13,100.0,25.3,27.8,7.776,10.1104,59,0.084516058,1,1.42,1,0,0,1
15.6,49.58,0.871,5.627999999999999,100.0,25.3,16.65,5.612,10.1248,32,0.075905363,1,1.5150000000000001,1,0,0,1
14.6,49.58,0.871,4.926,95.7,25.3,29.53,6.892,11.1168,24,0.079946625,0,1.46,0,0,0,0
17.8,49.58,0.871,5.186,93.8,25.3,28.32,9.856,14.1424,43,0.08378952,0,1.5325,0,1,0,0
15.4,49.58,0.871,5.597,94.9,25.3,21.45,10.107999999999999,15.1232,48,0.075894744,1,1.5225,0,0,0,0
21.5,49.58,0.871,6.122000000000001,97.3,25.3,14.1,5.53,12.172,34,0.083032787,0,1.6175,0,0,0,1
19.6,49.58,0.871,5.404,100.0,25.3,13.28,6.492000000000001,11.1568,42,0.07531892700000001,0,1.5899999999999999,0,0,0,1
15.3,49.58,0.871,5.012,88.0,25.3,12.12,5.406000000000001,10.1224,46,0.085078322,0,1.6099999999999999,1,0,0,0
19.4,49.58,0.871,5.709,98.5,25.3,15.79,6.087999999999999,12.1552,58,0.083903874,1,1.6225,0,0,0,0
17.0,49.58,0.871,6.129,96.0,25.3,15.12,7.44,15.136,48,0.080515947,1,1.7475,0,0,1,0
15.6,49.58,0.871,6.152,82.6,25.3,15.02,9.912,11.1248,37,0.08671147300000001,1,1.7475,0,0,0,1
13.1,49.58,0.871,5.272,94.0,25.3,16.14,6.362,10.1048,60,0.07488494700000001,0,1.735,0,0,0,1
41.3,49.58,0.605,6.943,97.4,25.3,4.59,8.226,13.3304,57,0.05481416,0,1.8775,1,0,0,0
24.3,49.58,0.605,6.066,100.0,25.3,6.43,8.886000000000001,13.1944,46,0.055598528,1,1.7575,0,0,0,1
23.3,49.58,0.871,6.51,100.0,25.3,7.39,7.166,12.1864,36,0.076488584,1,1.7675,1,1,0,0
27.0,49.58,0.605,6.25,92.6,25.3,5.5,8.44,12.216,23,0.051890692,0,1.7999999999999998,1,1,0,0
50.0,49.58,0.605,7.489,90.8,25.3,1.73,10.5,11.4,35,0.053896795,0,1.9699999999999998,1,0,0,0
50.0,49.58,0.605,7.8020000000000005,98.2,25.3,1.92,8.4,12.4,22,0.055681854,0,2.0424999999999995,1,1,0,0
50.0,49.58,0.605,8.375,93.9,25.3,3.32,8.0,12.4,57,0.060273297999999996,0,2.1624999999999996,1,0,0,1
22.7,49.58,0.605,5.854,91.8,25.3,11.64,8.354,15.1816,56,0.065833104,1,2.4225,1,1,0,0
25.0,49.58,0.605,6.101,93.0,25.3,9.81,10.0,12.2,22,0.053283066,1,2.2825,1,0,0,1
50.0,49.58,0.605,7.928999999999999,96.2,25.3,3.7,8.3,15.4,37,0.052105035,0,2.0475,1,0,0,1
23.8,49.58,0.605,5.877000000000001,79.2,25.3,12.14,10.076,10.1904,22,0.054831218,1,2.4250000000000003,1,1,0,0
23.8,49.58,0.605,6.319,96.1,25.3,11.1,6.676,11.1904,23,0.066262309,1,2.1,0,0,0,0
22.3,49.58,0.605,6.402,95.2,25.3,11.32,5.546,15.1784,22,0.053555634000000005,1,2.2625,0,0,1,0
17.4,49.58,0.605,5.875,94.6,25.3,14.43,7.9479999999999995,11.1392,28,0.060587462,1,2.425,0,1,0,0
19.1,49.58,0.605,5.88,97.3,25.3,12.03,9.782,12.1528,54,0.057446330999999996,1,2.39,0,0,0,1
23.1,34.05,0.51,5.572,88.5,23.4,14.69,9.362,12.1848,38,0.052949504,1,2.5975,0,0,0,1
23.6,34.05,0.51,6.416,84.1,23.4,9.04,9.872,10.1888,59,0.053992976,1,2.6475,1,0,0,0
22.6,34.05,0.51,5.859,68.7,23.4,9.64,9.752,15.1808,35,0.052971979,1,2.7025,1,0,0,1
29.4,34.05,0.51,6.546,33.1,23.4,5.33,6.188,12.2352,48,0.050839826,0,3.13,1,0,0,0
23.2,34.05,0.51,6.02,47.2,23.4,10.11,8.564,15.1856,49,0.05195249,1,3.5549999999999997,1,1,0,0
24.6,34.05,0.51,6.315,73.4,23.4,6.29,7.0920000000000005,14.1968,31,0.047376830999999994,1,3.32,1,1,0,0
29.9,34.05,0.51,6.86,74.4,23.4,6.92,5.898,11.2392,28,0.054717152000000005,0,2.9124999999999996,0,0,0,0
37.2,32.46,0.488,6.98,58.4,22.2,5.04,9.744,11.2976,50,0.045500585999999996,0,2.83,0,1,0,0
39.8,32.46,0.488,7.765,83.3,22.2,7.56,8.496,14.3184,60,0.046516009000000004,0,2.74,1,0,1,0
36.2,32.46,0.488,6.144,62.2,22.2,9.45,6.624,15.2896,59,0.056018002000000004,0,2.5975,1,0,0,1
37.9,32.46,0.488,7.155,92.2,22.2,4.82,9.258,15.3032,56,0.042959915,0,2.6975,1,0,0,1
32.5,32.46,0.488,6.563,95.6,22.2,5.68,7.35,14.26,60,0.045047217,0,2.845,1,1,0,0
26.4,32.46,0.488,5.604,89.8,22.2,13.98,9.927999999999999,10.2112,27,0.046676165,1,2.99,1,1,0,0
29.6,32.46,0.488,6.153,68.8,22.2,13.15,8.192,11.2368,45,0.046596095,1,3.2800000000000002,1,1,0,0
50.0,32.46,0.488,7.831,53.6,22.2,4.45,6.0,13.4,35,0.045703390999999996,0,3.2,1,1,0,0
32.0,33.44,0.43700000000000006,6.782,41.1,24.8,6.68,7.84,13.255999999999998,23,0.042225334,0,3.7874999999999996,1,0,0,1
29.8,33.44,0.43700000000000006,6.556,29.1,24.8,4.56,7.596,10.2384,40,0.045949197000000004,1,4.5675,1,0,0,1
34.9,33.44,0.43700000000000006,7.185,38.9,24.8,5.39,9.298,14.2792,20,0.04637912,0,4.5675,0,0,0,1
33.0,33.44,0.43700000000000006,6.9510000000000005,21.5,24.8,5.1,6.16,11.264000000000001,55,0.050923075,0,6.4799999999999995,0,0,0,0
30.5,33.44,0.43700000000000006,6.739,30.8,24.8,4.69,8.81,11.244000000000002,40,0.038316195,1,6.4799999999999995,0,0,0,0
36.4,33.44,0.43700000000000006,7.178,26.3,24.8,2.87,10.527999999999999,11.2912,40,0.044716451,1,6.4775,1,1,0,0
31.1,32.93,0.401,6.8,9.9,24.4,5.03,6.822,13.2488,24,0.041103452,1,6.22,0,0,0,1
29.1,32.93,0.401,6.604,18.8,24.4,4.38,9.282,14.2328,59,0.04883319,1,6.22,0,0,0,1
50.0,30.46,0.42200000000000004,7.875,32.0,25.6,2.97,8.2,14.4,26,0.042971351,0,5.65,1,0,0,1
33.3,31.52,0.40399999999999997,7.287000000000001,34.1,27.4,4.08,7.266,15.2664,20,0.036635762,1,7.31,1,0,1,0
30.3,31.52,0.40399999999999997,7.107,36.6,27.4,8.61,6.906000000000001,14.2424,24,0.040063074,1,7.3100000000000005,1,0,1,0
34.6,31.52,0.40399999999999997,7.274,38.3,27.4,6.62,10.192,14.2768,43,0.041173937,1,7.3100000000000005,0,1,0,0
34.9,31.47,0.40299999999999997,6.975,15.3,23.0,4.56,7.997999999999999,13.2792,24,0.041283982000000004,1,7.6525,1,0,0,0
32.9,31.47,0.40299999999999997,7.135,13.9,23.0,4.45,5.957999999999999,10.2632,22,0.046477735,0,7.6525,0,1,0,0
24.1,32.03,0.415,6.162000000000001,38.4,25.3,7.43,7.782,12.1928,32,0.041438068,0,6.2725,1,0,0,1
42.3,32.03,0.415,7.61,15.7,25.3,3.11,10.546,14.3384,30,0.045898657999999995,0,6.2675,0,0,1,0
48.5,32.68,0.4161,7.853,33.2,25.3,3.81,8.77,11.388,22,0.040932911,0,5.1175,0,0,0,0
50.0,32.68,0.4161,8.033999999999999,31.9,25.3,2.88,8.9,15.4,51,0.044178168,0,5.120000000000001,1,0,0,1
22.6,40.59,0.489,5.891,22.3,21.4,10.87,7.952000000000001,15.1808,26,0.056222,0,3.9475000000000002,1,0,0,1
24.4,40.59,0.489,6.3260000000000005,52.5,21.4,10.97,6.688,11.1952,52,0.051027894000000004,1,4.3575,1,0,0,1
22.5,40.59,0.489,5.7829999999999995,72.7,21.4,18.06,7.95,10.18,38,0.05189131,0,4.3525,1,0,0,0
24.4,40.59,0.489,6.064,59.1,21.4,14.66,6.888,14.1952,31,0.044689385,0,4.24,1,0,0,0
20.0,40.59,0.489,5.343999999999999,100.0,21.4,23.09,7.9,13.16,60,0.056197535,0,3.875,0,0,0,0
21.7,40.59,0.489,5.96,92.1,21.4,17.27,8.033999999999999,12.1736,36,0.044598056,0,3.875,1,0,0,0
19.3,40.59,0.489,5.404,88.6,21.4,23.98,5.986000000000001,14.1544,39,0.048873203,0,3.665,0,0,0,1
22.4,40.59,0.489,5.807,53.8,21.4,16.03,6.848,13.1792,20,0.052656085,0,3.6525,1,0,0,1
28.1,40.59,0.489,6.375,32.3,21.4,9.38,7.562,10.2248,6,0.044019172,1,3.9450000000000003,1,0,0,0
23.7,40.59,0.489,5.412000000000001,9.8,21.4,29.55,5.6739999999999995,11.1896,21,0.056117611,0,3.59,1,0,0,0
25.0,40.59,0.489,6.182,42.4,21.4,9.47,7.899767068273099,12.2,30,0.04792534,0,3.9475000000000007,1,1,0,0
23.3,43.89,0.55,5.888,56.0,23.6,13.51,5.466,12.1864,22,0.061620518,1,3.1125,1,0,1,0
28.7,43.89,0.55,6.642,85.1,23.6,9.69,9.274,14.2296,23,0.048611305,1,3.42,0,0,0,0
21.5,43.89,0.55,5.9510000000000005,93.8,23.6,17.92,8.73,14.172,49,0.048031734000000006,0,2.8899999999999997,1,0,0,0
23.0,43.89,0.55,6.372999999999999,92.4,23.6,10.5,6.16,13.184000000000001,21,0.056016354000000004,1,3.3649999999999998,1,0,0,0
26.7,36.2,0.507,6.9510000000000005,88.5,22.6,9.71,8.734,11.2136,23,0.053540387,0,2.86,0,0,0,1
21.7,36.2,0.507,6.164,91.3,22.6,21.46,5.734,14.1736,37,0.057325565,0,3.0475,1,0,0,0
27.5,36.2,0.507,6.879,77.7,22.6,9.93,9.45,12.22,50,0.046840009,0,3.2725,1,0,1,0
30.1,36.2,0.507,6.617999999999999,80.8,22.6,7.6,9.702,12.2408,39,0.0490122,0,3.27,1,0,0,1
44.8,36.2,0.504,8.266,78.3,22.6,4.14,6.796,12.3584,47,0.056999654000000004,0,2.895,1,1,0,0
50.0,36.2,0.504,8.725,83.0,22.6,4.63,7.5,13.4,20,0.056994369,0,2.8925,1,0,0,1
37.6,36.2,0.504,8.04,86.5,22.6,3.13,5.952000000000001,10.3008,54,0.053115719000000006,1,3.215,1,0,1,0
31.6,36.2,0.504,7.162999999999999,79.9,22.6,6.36,6.332000000000001,10.2528,34,0.054049995999999996,0,3.2175,0,0,0,1
46.7,36.2,0.504,7.686,17.0,22.6,3.92,10.134,14.3736,43,0.054927989,0,3.3774999999999995,1,1,0,0
31.5,36.2,0.504,6.5520000000000005,21.4,22.6,3.76,7.33,15.252,47,0.044352419000000004,0,3.3725,1,0,0,0
24.3,36.2,0.504,5.981,68.1,22.6,11.65,8.286,10.1944,59,0.046602048,1,3.6750000000000003,0,0,0,0
31.7,36.2,0.504,7.412000000000001,76.9,22.6,5.25,6.734,10.2536,26,0.05392758,0,3.6725,1,0,0,0
41.7,36.2,0.507,8.337,73.3,22.6,2.47,6.6339999999999995,11.3336,28,0.057302659000000006,1,3.84,1,0,0,1
48.3,36.2,0.507,8.247,70.4,22.6,3.95,9.066,11.3864,23,0.050358562,0,3.6500000000000004,1,0,0,0
29.0,36.2,0.507,6.726,66.5,22.6,8.05,9.88,13.232000000000001,32,0.044080596,1,3.6525,1,0,0,1
24.0,36.2,0.507,6.086,61.5,22.6,10.88,9.18,14.192,57,0.052493323,0,3.6500000000000004,1,0,0,0
25.1,36.2,0.507,6.631,76.5,22.6,9.54,9.402000000000001,15.2008,36,0.046360973,0,4.1475,1,0,1,0
31.5,36.2,0.507,7.358,71.6,22.6,4.73,10.53,12.252,34,0.056108329000000005,1,4.1475,1,0,0,1
23.7,34.93,0.428,6.481,18.5,23.4,6.36,7.374,12.1896,48,0.049067932,0,6.1899999999999995,1,0,1,0
23.3,34.93,0.428,6.606,42.2,23.4,7.37,5.566,15.1864,51,0.041232141,0,6.1899999999999995,0,0,1,0
27.0,34.93,0.428,6.897,54.3,23.4,11.38,10.24,11.216,24,0.038641351000000004,0,6.335000000000001,1,0,0,0
20.1,34.93,0.428,6.095,65.1,23.4,12.4,8.302,13.1608,41,0.039667516,1,6.335,0,0,0,0
22.2,34.93,0.428,6.358,52.9,23.4,11.22,6.044,10.1776,42,0.041118808,0,7.035,1,0,0,1
23.7,34.93,0.428,6.393,7.8,23.4,5.19,7.374,15.1896,26,0.048029264,1,7.0375,1,0,0,1
17.6,35.86,0.431,5.593,76.5,20.9,12.5,6.252000000000001,12.1408,42,0.041141822,0,7.955,0,0,0,0
18.5,35.86,0.431,5.605,70.2,20.9,18.46,9.27,10.148,59,0.043718216,1,7.955,1,0,0,0
24.3,35.86,0.431,6.108,34.9,20.9,9.16,7.086,11.1944,25,0.048857200999999996,0,8.055,1,0,0,0
20.5,35.86,0.431,6.226,79.2,20.9,10.15,9.81,12.164000000000001,31,0.046513913,0,8.055,0,0,0,1
24.5,35.86,0.431,6.433,49.1,20.9,9.52,8.39,15.196,43,0.049388750999999995,0,7.8275,1,0,0,1
26.2,35.86,0.431,6.718,17.5,20.9,6.56,9.324,11.2096,39,0.044233351,1,7.824999999999999,1,0,0,0
24.4,35.86,0.431,6.487,13.0,20.9,5.9,6.188,14.1952,38,0.038843516,1,7.3975,1,0,0,1
24.8,35.86,0.431,6.438,8.9,20.9,3.59,10.296,12.1984,50,0.046856215,1,7.3975,0,1,0,0
29.6,35.86,0.431,6.957000000000001,6.8,20.9,3.53,8.992,12.2368,57,0.03952580000000001,0,8.905000000000001,0,0,1,0
42.8,35.86,0.431,8.259,8.4,20.9,3.54,10.856,13.3424,53,0.050873374000000006,0,8.9075,0,0,0,1
21.9,33.64,0.392,6.108,32.0,23.6,6.57,6.537999999999999,12.1752,56,0.036968617,0,9.217500000000001,0,0,0,1
20.9,33.64,0.392,5.876,19.1,23.6,9.25,7.818,15.1672,31,0.043736448,0,9.22,0,0,0,0
44.0,33.75,0.39399999999999996,7.454,34.2,24.1,3.11,6.68,13.352,38,0.04219168400000001,0,6.335,0,0,0,1
50.0,33.97,0.647,8.704,86.9,27.0,5.12,8.6,11.4,54,0.055193190999999996,0,1.8025,1,0,0,1
36.0,33.97,0.647,7.332999999999999,100.0,27.0,7.79,8.02,15.288,58,0.060092539,1,1.8925000000000003,1,0,0,1
30.1,33.97,0.647,6.8420000000000005,100.0,27.0,6.9,7.3020000000000005,11.2408,40,0.0598956,1,2.0125,1,0,0,1
33.8,33.97,0.647,7.202999999999999,81.8,27.0,9.59,7.899767068273099,11.2704,21,0.068040719,1,2.1125,1,1,0,0
43.1,33.97,0.647,7.52,89.4,27.0,7.26,6.662000000000001,11.3448,24,0.06503824,0,2.1375,1,0,1,0
48.8,33.97,0.647,8.398,91.5,27.0,5.91,10.076,15.3904,24,0.055130645,0,2.2875,1,0,0,1
31.0,33.97,0.647,7.327000000000001,94.5,27.0,11.25,5.72,11.248,60,0.055456883,1,2.08,1,0,0,0
36.5,33.97,0.647,7.206,91.6,27.0,8.1,8.53,14.292,36,0.058798548,0,1.93,1,0,0,1
22.8,33.97,0.647,5.56,62.8,27.0,10.45,7.456,13.1824,59,0.058891324,0,1.9850000000000003,0,0,0,0
30.7,33.97,0.647,7.013999999999999,84.6,27.0,14.79,6.114,10.2456,41,0.05775938,0,2.1325,0,0,0,1
50.0,33.97,0.575,8.297,67.0,27.0,7.44,8.0,15.4,42,0.063234775,0,2.42,1,0,0,0
43.5,33.97,0.575,7.47,52.6,27.0,3.16,9.07,15.347999999999999,43,0.050390185,1,2.87,0,1,0,0
20.7,36.96,0.46399999999999997,5.92,61.5,21.4,13.65,10.414000000000001,14.1656,29,0.052332700999999995,1,3.9175,0,0,1,0
21.1,36.96,0.46399999999999997,5.856,42.1,21.4,13.0,6.222,15.1688,27,0.04656310599999999,0,4.43,1,0,0,0
25.2,36.96,0.46399999999999997,6.24,16.3,21.4,6.59,6.604,10.2016,25,0.043394822,1,4.43,0,0,0,1
24.4,36.96,0.46399999999999997,6.537999999999999,58.7,21.4,7.73,8.488,13.1952,40,0.043963559000000006,1,3.9175,1,0,0,1
35.2,36.96,0.46399999999999997,7.691,51.8,21.4,6.58,6.004,10.2816,39,0.042436929000000005,0,4.3675,1,0,0,1
32.4,36.41,0.447,6.757999999999999,32.9,22.4,3.53,10.648,12.2592,30,0.042514895999999996,1,4.08,0,0,0,1
32.0,36.41,0.447,6.854,42.8,22.4,2.98,8.84,12.255999999999998,23,0.038411883,0,4.2675,1,0,0,1
33.2,36.41,0.447,7.267,49.0,22.4,6.05,8.564,11.2656,35,0.042341511,0,4.7875,0,1,0,0
33.1,36.41,0.447,6.8260000000000005,27.6,22.4,4.16,6.2620000000000005,11.2648,21,0.041667833,0,4.8625,0,0,0,1
29.1,36.41,0.447,6.482,32.1,22.4,7.19,6.282,10.2328,38,0.047733893,0,4.1375,1,0,0,1
35.1,33.33,0.4429,6.812,32.2,25.1,4.85,9.602,12.2808,26,0.051259589,1,4.1,0,1,0,0
45.4,33.33,0.4429,7.82,64.5,25.1,3.76,7.108,10.3632,50,0.041950915,0,4.695,0,0,0,0
35.4,33.33,0.4429,6.968,37.2,25.1,4.59,8.508,14.2832,48,0.04213121400000001,0,5.245,1,0,0,0
46.0,33.33,0.4429,7.645,49.7,25.1,3.01,8.72,12.368,25,0.05114129,0,5.21,1,1,0,0
50.0,31.21,0.401,7.922999999999999,24.8,26.4,3.16,8.7,13.4,20,0.048894815,0,5.885,1,1,0,0
32.2,32.97,0.4,7.087999999999999,20.8,24.7,7.85,7.843999999999999,12.2576,30,0.042339768,0,7.307500000000001,1,0,1,0
22.0,32.25,0.389,6.452999999999999,31.9,24.7,8.23,10.44,14.175999999999998,55,0.034687927,1,7.3075,1,0,0,0
20.1,31.76,0.385,6.23,31.5,21.8,12.93,8.302,10.1608,39,0.033291762,0,9.0875,1,0,0,0
23.2,35.32,0.405,6.209,31.3,23.4,7.14,9.964,14.1856,60,0.043226217000000004,1,7.32,1,1,0,0
22.3,35.32,0.405,6.315,45.6,23.4,7.6,5.846,12.1784,22,0.034847434,0,7.3175,0,0,0,1
24.8,35.32,0.405,6.565,22.9,23.4,9.51,9.096,14.1984,60,0.041045876,1,7.3175,0,0,0,0
28.5,34.95,0.41100000000000003,6.861000000000001,27.9,20.8,3.33,8.07,11.228,53,0.039614292,1,5.1175,1,0,0,1
37.3,34.95,0.41100000000000003,7.148,27.7,20.8,3.56,8.146,10.2984,37,0.047461264,0,5.1175,1,0,0,0
27.9,34.95,0.41100000000000003,6.63,23.4,20.8,4.7,8.458,12.2232,37,0.038906315,1,5.1175,0,0,0,1
23.9,43.92,0.43700000000000006,6.127000000000001,18.4,24.0,8.58,7.278,14.1912,46,0.04846407,1,5.505,1,0,0,1
21.7,43.92,0.43700000000000006,6.0089999999999995,42.3,24.0,10.4,8.834,11.1736,23,0.03857924,1,5.5025,0,1,0,0
28.6,43.92,0.43700000000000006,6.678,31.1,24.0,6.27,6.972,10.2288,44,0.042031035999999994,0,5.96,1,0,0,1
27.1,43.92,0.43700000000000006,6.5489999999999995,51.0,24.0,7.39,10.442,10.2168,26,0.04535572400000001,1,5.9624999999999995,0,0,0,0
20.3,43.92,0.43700000000000006,5.79,58.0,24.0,15.84,7.606,11.1624,42,0.052079028,0,6.32,1,0,0,0
22.5,32.24,0.4,6.345,20.1,25.2,4.97,9.45,13.18,48,0.036877731000000004,1,7.8275,0,1,0,0
29.0,32.24,0.4,7.041,10.0,25.2,4.74,7.98,11.232000000000001,36,0.04137643,1,7.829999999999999,1,1,0,0
24.8,32.24,0.4,6.871,47.4,25.2,6.07,9.096,11.1984,29,0.042859916,0,7.827500000000001,1,0,0,1
22.0,36.09,0.433,6.59,40.4,23.9,9.5,9.94,12.175999999999998,21,0.037135615,1,5.494999999999999,1,0,0,1
26.4,36.09,0.433,6.495,18.4,23.9,8.67,7.928,11.2112,42,0.03726343,0,5.49,1,0,1,0
33.1,36.09,0.433,6.982,17.7,23.9,4.86,8.262,14.2648,34,0.051095004000000006,0,5.4925,0,0,0,0
36.1,32.18,0.47200000000000003,7.236000000000001,41.1,21.6,6.93,6.922000000000001,10.2888,55,0.052321498,0,4.0225,0,0,0,1
28.4,32.18,0.47200000000000003,6.6160000000000005,58.1,21.6,8.93,6.568,15.2272,22,0.045315188,1,3.37,0,0,0,0
33.4,32.18,0.47200000000000003,7.42,71.9,21.6,6.47,10.668,12.2672,23,0.050502605,1,3.1,1,0,0,1
28.2,32.18,0.47200000000000003,6.849,70.3,21.6,7.53,10.464,12.2256,46,0.046920311,1,3.1825,1,0,1,0
22.8,39.9,0.544,6.635,82.5,21.6,4.54,7.156000000000001,11.1824,31,0.058075982000000005,0,3.3175,0,0,0,1
20.3,39.9,0.544,5.972,76.7,21.6,9.97,10.106,11.1624,51,0.056731152,1,3.1025,1,0,0,0
16.1,39.9,0.544,4.973,37.8,21.6,12.64,7.322,11.1288,27,0.056148027999999996,1,2.5175,0,0,0,1
22.1,39.9,0.544,6.122000000000001,52.8,21.6,5.98,8.242,15.1768,46,0.055734022,1,2.6375,1,0,0,1
19.4,39.9,0.544,6.023,90.4,21.6,11.72,6.287999999999999,13.1552,26,0.053472690999999996,1,2.8325,1,0,0,0
21.6,39.9,0.544,6.266,82.8,21.6,7.9,8.832,14.1728,33,0.054245265,0,3.2624999999999997,1,0,0,0
23.8,39.9,0.544,6.567,87.3,21.6,9.28,9.576,13.1904,56,0.054380967,0,3.6050000000000004,1,1,0,0
16.2,39.9,0.544,5.705,77.7,21.6,11.5,6.724,12.1296,58,0.055817767000000004,1,3.945,0,0,0,1
17.8,39.9,0.544,5.914,83.2,21.6,18.33,7.256,12.1424,43,0.051922204000000007,0,3.9975,0,0,0,1
19.8,39.9,0.544,5.782,71.7,21.6,15.94,9.796,12.1584,50,0.04706184,0,4.035,0,0,0,1
23.1,39.9,0.544,6.382000000000001,67.2,21.6,10.36,5.562,10.1848,53,0.051488997,1,3.5325,0,0,0,0
21.0,39.9,0.544,6.1129999999999995,58.8,21.6,12.73,10.32,12.168,36,0.054127891,0,4.0024999999999995,0,0,1,0
23.8,37.38,0.493,6.426,52.3,20.4,7.2,6.776,13.1904,48,0.055346637000000004,1,4.5425,1,0,0,1
23.1,37.38,0.493,6.376,54.3,20.4,6.87,7.7620000000000005,14.1848,40,0.046927708,1,4.54,1,1,0,0
20.4,37.38,0.493,6.041,49.9,20.4,7.7,8.908,13.1632,40,0.045674585,1,4.7225,0,0,0,0
18.5,37.38,0.493,5.707999999999999,74.3,20.4,11.74,6.57,15.148,25,0.050020111,0,4.72,1,0,0,0
25.0,37.38,0.493,6.415,40.1,20.4,6.12,8.6,15.2,52,0.047326766,0,4.72,0,0,0,1
24.6,37.38,0.493,6.431,14.7,20.4,5.08,7.992000000000001,15.1968,45,0.045302946,0,5.4175,0,0,0,0
23.0,37.38,0.493,6.312,28.9,20.4,6.15,7.06,12.184000000000001,36,0.048493779,1,5.4175,1,0,0,1
22.2,37.38,0.493,6.082999999999999,43.7,20.4,12.79,9.044,15.1776,27,0.050830442,0,5.415,0,0,0,0
19.3,33.24,0.46,5.867999999999999,25.8,23.1,9.97,9.986,10.1544,35,0.039430781,0,5.217499999999999,1,1,0,0
22.6,33.24,0.46,6.332999999999999,17.2,23.1,7.34,5.5520000000000005,14.1808,53,0.045171644000000004,1,5.215,0,0,0,0
19.8,33.24,0.46,6.144,32.2,23.1,9.09,9.396,11.1584,26,0.043030882,1,5.875,0,0,0,1
17.1,36.06,0.4379,5.706,28.4,23.1,12.43,6.742000000000001,14.1368,21,0.052187447000000005,1,6.640000000000001,0,1,0,0
19.4,36.06,0.4379,6.031000000000001,23.3,23.1,7.83,7.4879999999999995,14.1552,22,0.051756240999999995,1,6.640000000000001,1,0,0,0
22.2,35.19,0.515,6.316,38.1,19.8,5.68,9.144,11.1776,34,0.049894824000000004,1,6.4575000000000005,0,0,0,0
20.7,35.19,0.515,6.31,38.5,19.8,6.75,7.513999999999999,15.1656,53,0.055402331,1,6.46,1,0,1,0
21.1,35.19,0.515,6.037000000000001,34.5,19.8,8.01,8.922,14.1688,57,0.050577407000000005,1,5.985,1,0,0,0
19.5,35.19,0.515,5.869,46.3,19.8,9.8,10.09,15.155999999999999,53,0.044682897,0,5.23,0,0,0,1
18.5,35.19,0.515,5.895,59.6,19.8,10.56,8.27,12.148,21,0.056682367000000004,0,5.615,1,0,0,1
20.6,35.19,0.515,6.059,37.3,19.8,8.51,8.112,14.1648,26,0.053459545,0,4.8125,1,0,0,1
19.0,35.19,0.515,5.985,45.4,19.8,9.74,6.38,11.152000000000001,28,0.04769962,0,4.8125,0,1,0,0
18.7,35.19,0.515,5.968,58.5,19.8,9.29,6.474,13.1496,20,0.053311542999999996,0,4.8125,1,0,0,0
32.7,31.52,0.442,7.2410000000000005,49.3,24.5,5.49,6.254,13.2616,48,0.052440282000000005,0,7.0375000000000005,1,0,0,0
16.5,31.89,0.518,6.54,59.7,24.1,8.65,7.33,11.132,40,0.056545656,1,6.267499999999999,1,0,0,1
23.9,33.78,0.484,6.696000000000001,56.4,22.4,7.18,8.978,15.1912,52,0.047871549000000006,1,5.732500000000001,1,0,1,0
31.2,33.78,0.484,6.874,28.1,22.4,4.61,10.624,11.2496,23,0.046382519000000004,1,6.465000000000001,0,0,0,1
17.5,34.39,0.442,6.013999999999999,48.5,21.2,10.53,7.15,13.14,26,0.05067711900000001,1,8.0125,1,1,0,0
17.2,34.39,0.442,5.898,52.3,21.2,12.67,6.044,13.1376,46,0.044077795,1,8.015,0,0,0,1
23.1,34.15,0.429,6.516,27.7,22.1,6.36,8.162,12.1848,47,0.038407038,0,8.537499999999998,1,1,0,0
24.5,32.01,0.435,6.635,29.7,23.0,5.99,6.29,13.196,45,0.048923889000000005,0,8.3425,1,0,0,0
26.6,31.25,0.429,6.939,34.5,20.3,5.89,5.632000000000001,11.2128,30,0.039234716,0,8.795,1,0,0,0
22.9,31.25,0.429,6.49,44.4,20.3,5.98,7.257999999999999,15.1832,55,0.038897843,1,8.7925,0,0,0,1
24.1,31.69,0.41100000000000003,6.579,35.9,21.7,5.49,5.582000000000001,10.1928,45,0.036212003,0,10.712499999999999,1,0,0,1
18.6,31.69,0.41100000000000003,5.8839999999999995,18.5,21.7,7.79,7.372000000000001,11.1488,50,0.039638648,0,10.7125,1,0,0,1
30.1,32.02,0.41,6.728,36.1,23.0,4.5,6.102,12.2408,40,0.047356512999999996,0,12.1275,1,1,0,0
18.2,31.91,0.413,5.662999999999999,21.9,18.0,8.05,8.764,12.1456,34,0.046933708,0,10.585,0,0,0,0
20.6,31.91,0.413,5.936,19.5,18.0,5.57,9.312000000000001,13.1648,53,0.044335025,0,10.584999999999999,0,0,0,1
17.8,48.1,0.77,6.212000000000001,97.4,19.8,17.6,5.956,14.1424,39,0.077295155,1,2.1225,0,0,0,0
21.7,48.1,0.77,6.395,91.0,19.8,13.27,7.034,13.1736,56,0.075544099,0,2.505,0,1,0,0
22.7,48.1,0.77,6.127000000000001,83.4,19.8,11.48,6.354,15.1816,42,0.076655095,0,2.7225,0,0,1,0
22.6,48.1,0.77,6.112,81.3,19.8,12.67,7.899767068273099,14.1808,26,0.074238745,0,2.5075000000000003,0,1,0,0
25.0,48.1,0.77,6.398,88.0,19.8,7.79,8.8,10.2,37,0.067257872,1,2.5175,0,0,0,0
19.9,48.1,0.77,6.251,91.1,19.8,14.19,8.898,13.1592,56,0.073252182,0,2.295,1,0,0,1
20.8,48.1,0.77,5.362,96.2,19.8,10.19,8.016,14.1664,52,0.069929484,0,2.105,0,1,0,0
16.8,48.1,0.77,5.803,89.0,19.8,14.64,9.736,15.1344,57,0.08028456,0,1.9049999999999998,1,0,1,0
21.9,48.1,0.718,8.78,82.9,19.8,5.29,8.038,12.1752,26,0.062172824,1,1.9049999999999998,0,0,0,1
27.5,48.1,0.718,3.5610000000000004,87.9,19.8,7.12,8.05,12.22,51,0.067931991,0,1.6124999999999998,1,0,0,1
21.9,48.1,0.718,4.963,91.4,19.8,14.0,10.238,14.1752,58,0.075653918,0,1.75,0,1,0,0
23.1,48.1,0.631,3.863,100.0,19.8,13.33,9.962,11.1848,24,0.055889022999999996,0,1.5075,0,1,0,0
50.0,48.1,0.631,4.97,100.0,19.8,3.26,9.7,13.4,41,0.062356485,0,1.3325,0,0,0,1
50.0,48.1,0.631,6.683,96.8,19.8,3.73,6.7,15.4,58,0.06747724,0,1.355,1,0,0,1
50.0,48.1,0.631,7.016,97.5,19.8,2.96,10.1,12.4,46,0.05922939,0,1.2,1,0,0,0
50.0,48.1,0.631,6.216,100.0,19.8,9.53,9.8,13.4,25,0.060880135,0,1.1700000000000002,1,0,0,0
50.0,48.1,0.6679999999999999,5.875,89.6,19.8,8.88,10.8,12.4,57,0.06447881,0,1.1275,1,0,0,0
13.8,48.1,0.6679999999999999,4.906000000000001,100.0,19.8,34.77,6.876,13.1104,56,0.06102240900000001,0,1.175,1,0,0,0
13.8,48.1,0.6679999999999999,4.138,100.0,19.8,37.97,7.0760000000000005,13.1104,35,0.071138748,0,1.1375,0,1,0,0
15.0,48.1,0.6709999999999999,7.313,97.9,19.8,13.44,8.9,15.12,45,0.062426718,1,1.3175,0,0,0,0
13.9,48.1,0.6709999999999999,6.649,93.3,19.8,23.24,9.478,15.1112,26,0.070452383,0,1.345,1,0,0,0
13.3,48.1,0.6709999999999999,6.794,98.8,19.8,21.24,6.066,14.1064,22,0.069007471,1,1.3575,1,0,0,0
13.1,48.1,0.6709999999999999,6.38,96.2,19.8,23.69,9.262,14.1048,54,0.06315332,0,1.3850000000000002,1,1,0,0
10.2,48.1,0.6709999999999999,6.223,100.0,19.8,21.78,7.904,11.0816,46,0.058067105,1,1.3875,0,0,1,0
10.4,48.1,0.6709999999999999,6.968,91.9,19.8,17.21,9.408,14.0832,21,0.06659113900000001,1,1.4175,1,0,0,0
10.9,48.1,0.6709999999999999,6.545,99.1,19.8,21.08,8.618,10.0872,60,0.05814884,1,1.5175,0,0,1,0
11.3,48.1,0.7,5.5360000000000005,100.0,19.8,23.6,8.226,11.0904,46,0.060649594,0,1.5775,1,0,0,1
12.3,48.1,0.7,5.52,100.0,19.8,24.56,6.746,15.0984,41,0.070122485,0,1.535,0,1,0,0
8.8,48.1,0.7,4.368,91.2,19.8,30.63,5.676,14.0704,25,0.062556587,0,1.44,0,0,0,1
7.2,48.1,0.7,5.277,98.1,19.8,30.81,10.144,13.0576,36,0.059990848,0,1.4275000000000002,0,0,1,0
10.5,48.1,0.7,4.652,100.0,19.8,28.28,7.71,15.084000000000001,34,0.059673708,0,1.4675,1,0,0,1
7.4,48.1,0.7,5.0,89.5,19.8,31.99,8.347999999999999,15.0592,54,0.061626982999999996,0,1.52,0,0,1,0
10.2,48.1,0.7,4.88,100.0,19.8,30.62,6.104,10.0816,25,0.071030258,0,1.59,0,1,0,0
11.5,48.1,0.7,5.39,98.9,19.8,20.85,6.03,12.092,51,0.06150209400000001,0,1.73,0,0,1,0
15.1,48.1,0.7,5.712999999999999,97.0,19.8,17.11,9.702,11.1208,20,0.071082586,1,1.9250000000000003,1,0,0,1
23.2,48.1,0.7,6.051,82.5,19.8,18.76,9.664,10.1856,53,0.061832936,0,2.17,1,0,0,1
9.7,48.1,0.7,5.0360000000000005,97.0,19.8,25.68,5.494,14.0776,51,0.06854209900000001,0,1.77,0,0,0,0
13.8,48.1,0.693,6.193,92.6,19.8,15.17,9.076,14.1104,55,0.06273108200000001,0,1.7925,0,0,0,1
12.7,48.1,0.693,5.8870000000000005,94.7,19.8,16.35,6.754,15.1016,40,0.065389612,0,1.7825,0,0,0,0
13.1,48.1,0.693,6.471,98.8,19.8,17.12,5.7620000000000005,15.1048,29,0.071121639,1,1.7249999999999999,0,0,1,0
12.5,48.1,0.693,6.405,96.0,19.8,19.37,5.45,11.1,24,0.068462877,1,1.675,1,0,0,1
8.5,48.1,0.693,5.747000000000001,98.9,19.8,19.92,9.27,14.068,22,0.06623652,1,1.6349999999999998,0,0,0,0
5.0,48.1,0.693,5.452999999999999,100.0,19.8,30.59,9.3,13.04,26,0.065253151,0,1.49,0,1,0,0
6.3,48.1,0.693,5.852,77.8,19.8,29.97,6.726,14.0504,42,0.061264059,1,1.5,0,0,0,1
5.6,48.1,0.693,5.987,100.0,19.8,26.77,9.212,11.0448,30,0.061734722,1,1.5899999999999999,1,1,0,0
7.2,48.1,0.693,6.343,100.0,19.8,20.32,7.343999999999999,10.0576,50,0.070291108,1,1.575,1,0,0,0
12.1,48.1,0.693,6.404,100.0,19.8,20.31,5.442,14.0968,42,0.068858839,1,1.6375,0,0,0,1
8.3,48.1,0.693,5.349,96.0,19.8,19.77,7.899767068273099,15.0664,40,0.067688666,1,1.7025,1,0,0,1
8.5,48.1,0.693,5.531000000000001,85.4,19.8,27.38,8.47,11.068,56,0.061470408,1,1.6075,0,0,0,0
5.0,48.1,0.693,5.683,100.0,19.8,22.98,7.3,14.04,38,0.065307953,1,1.425,1,0,0,1
11.9,48.1,0.659,4.138,100.0,19.8,23.34,8.538,14.0952,53,0.061901185,1,1.1775,1,0,0,1
27.9,48.1,0.659,5.608,100.0,19.8,12.13,6.6579999999999995,13.2232,26,0.067194873,0,1.2874999999999999,1,0,0,1
17.2,48.1,0.597,5.617000000000001,97.9,19.8,26.4,6.444,12.1376,25,0.052765327,0,1.455,0,0,0,1
27.5,48.1,0.597,6.852,100.0,19.8,19.78,7.65,14.22,57,0.056582992,0,1.4649999999999999,1,1,0,0
15.0,48.1,0.597,5.757000000000001,100.0,19.8,10.11,9.6,11.12,52,0.061616147999999996,1,1.4125,0,0,0,1
17.2,48.1,0.597,6.657,100.0,19.8,21.22,9.644,14.1376,44,0.055100907000000005,0,1.5274999999999999,0,0,0,0
17.9,48.1,0.597,4.628,100.0,19.8,34.37,8.357999999999999,15.1432,40,0.058674620999999996,0,1.555,0,0,0,0
16.3,48.1,0.597,5.155,100.0,19.8,20.08,6.626,14.1304,58,0.055800358,0,1.5875000000000001,0,0,0,1
7.0,48.1,0.693,4.519,100.0,19.8,36.98,6.04,12.056,40,0.069262801,0,1.6575000000000002,1,0,0,1
7.2,48.1,0.679,6.434,100.0,19.8,29.05,8.644,11.0576,59,0.058726790999999993,0,1.835,0,0,0,0
7.5,48.1,0.679,6.782,90.8,19.8,25.79,7.899767068273099,10.06,35,0.06461937,1,1.82,1,0,0,1
10.4,48.1,0.679,5.303999999999999,89.1,19.8,26.64,8.607999999999999,15.0832,60,0.058834904,0,1.65,1,0,1,0
8.8,48.1,0.679,5.957000000000001,100.0,19.8,20.62,8.476,12.0704,52,0.067903567,0,1.8,0,0,0,0
8.4,48.1,0.718,6.824,76.5,19.8,22.74,5.968,13.0672,26,0.063264165,1,1.7925,0,0,0,0
16.7,48.1,0.718,6.4110000000000005,100.0,19.8,15.02,6.034,13.1336,48,0.064850926,0,1.8575,1,0,1,0
14.2,48.1,0.718,6.006,95.3,19.8,15.7,8.283999999999999,10.1136,29,0.075559551,1,1.875,0,0,0,0
20.8,48.1,0.614,5.648,87.6,19.8,14.1,8.916,11.1664,36,0.058066317,1,1.9525000000000001,0,0,0,0
13.4,48.1,0.614,6.103,85.1,19.8,23.29,8.267999999999999,46.19856,29,0.063343967,0,2.0225,0,1,0,0
11.7,48.1,0.584,5.565,70.6,19.8,17.16,7.834,11.0936,57,0.063779016,1,2.065,0,0,0,0
8.3,48.1,0.679,5.896,95.4,19.8,24.39,5.566,15.0664,51,0.06730570799999999,0,1.9100000000000001,1,1,0,0
10.2,48.1,0.584,5.837000000000001,59.7,19.8,15.69,9.104,14.0816,33,0.055707938,1,1.9975,0,0,0,0
10.9,48.1,0.679,6.202000000000001,78.7,19.8,14.52,7.518,11.0872,42,0.066286981,1,1.8624999999999998,0,1,0,0
11.0,48.1,0.679,6.193,78.1,19.8,21.52,8.52,12.088,45,0.067890699,1,1.9375000000000002,1,0,0,1
9.5,48.1,0.679,6.38,95.6,19.8,24.08,8.79,12.075999999999999,52,0.064037395,0,1.9674999999999998,1,0,0,0
14.5,48.1,0.584,6.348,86.1,19.8,17.64,9.09,11.116,53,0.063629899,1,2.055,0,0,0,1
14.1,48.1,0.584,6.832999999999999,94.3,19.8,19.69,6.682,14.1128,29,0.054610526,1,2.0875,1,1,0,0
16.1,48.1,0.584,6.425,74.8,19.8,12.03,8.722000000000001,10.1288,42,0.053705297,1,2.2,1,0,0,0
14.3,48.1,0.713,6.436,87.9,19.8,16.22,6.186,10.1144,46,0.061400159,0,2.3175,0,0,1,0
11.7,48.1,0.713,6.207999999999999,95.0,19.8,15.17,7.834,11.0936,37,0.074839333,1,2.2225,0,0,0,0
13.4,48.1,0.74,6.629,94.6,19.8,23.27,10.168,12.1072,46,0.076801062,0,2.125,0,0,1,0
9.6,48.1,0.74,6.461,93.3,19.8,18.05,6.0920000000000005,10.0768,57,0.070157854,0,2.0,1,0,0,1
8.2,48.1,0.74,6.152,100.0,19.8,26.45,9.863999999999999,11.0656,60,0.06739388,1,1.9125,0,0,0,0
8.4,48.1,0.74,5.935,87.9,19.8,34.02,9.568,14.0672,57,0.071117798,0,1.82,1,0,0,0
12.8,48.1,0.74,5.627000000000001,93.9,19.8,22.88,8.456,15.1024,50,0.073012667,0,1.8175,1,0,0,0
10.5,48.1,0.74,5.818,92.4,19.8,22.11,7.41,12.084000000000001,38,0.075248915,1,1.8649999999999998,0,0,0,0
17.1,48.1,0.74,6.406000000000001,97.2,19.8,19.52,9.242,15.1368,58,0.077408024,0,2.0675,1,0,1,0
14.8,48.1,0.74,6.218999999999999,100.0,19.8,16.59,7.096,14.1184,54,0.07711596,0,2.005,0,0,0,1
15.4,48.1,0.74,6.485,100.0,19.8,18.85,6.608,14.1232,21,0.06694984,1,1.9775,0,0,0,1
10.8,48.1,0.74,5.854,96.6,19.8,23.79,5.516,12.0864,34,0.065304838,0,1.8974999999999997,0,0,1,0
11.8,48.1,0.74,6.459,94.8,19.8,23.98,5.336,12.0944,28,0.076180913,1,1.9875,1,0,0,1
14.9,48.1,0.74,6.341,96.4,19.8,17.79,10.198,15.1192,41,0.070659667,0,2.0700000000000003,0,0,0,0
12.6,48.1,0.74,6.251,96.6,19.8,16.44,9.752,11.1008,37,0.064950729,1,2.1975,1,0,0,0
14.1,48.1,0.713,6.185,98.7,19.8,18.13,9.082,13.1128,52,0.067950544,0,2.2600000000000002,1,0,0,0
13.0,48.1,0.713,6.417000000000001,98.3,19.8,19.31,8.06,12.104000000000001,27,0.07341107200000001,0,2.1849999999999996,1,0,0,0
13.4,48.1,0.713,6.749,92.6,19.8,17.44,9.068,13.1072,59,0.06132192,1,2.32,1,1,0,0
15.2,48.1,0.713,6.655,98.2,19.8,17.73,8.104,11.1216,41,0.061385953,0,2.355,1,0,0,0
16.1,48.1,0.713,6.297000000000001,91.8,19.8,17.27,6.722,15.1288,21,0.064521583,1,2.3675,0,0,0,0
17.8,48.1,0.713,7.393,99.3,19.8,16.74,5.956,11.1424,42,0.06911257700000001,1,2.4525,1,0,0,1
14.4,48.1,0.713,6.728,94.1,19.8,18.71,5.888,14.1152,34,0.06606847099999999,1,2.4975,0,0,0,1
14.1,48.1,0.713,6.525,86.5,19.8,18.13,7.782,14.1128,36,0.061925584000000006,0,2.435,0,0,0,1
12.7,48.1,0.713,5.976,87.9,19.8,19.01,7.154,15.1016,31,0.06376258,0,2.5799999999999996,0,0,0,1
13.5,48.1,0.713,5.936,80.3,19.8,16.94,8.87,13.107999999999999,46,0.074872202,1,2.7800000000000002,0,0,0,0
14.9,48.1,0.713,6.301,83.7,19.8,16.23,5.598,15.1192,39,0.064939128,1,2.785,0,0,0,1
20.0,48.1,0.713,6.081,84.4,19.8,14.7,5.4,14.16,27,0.072635554,0,2.7175,1,1,0,0
16.4,48.1,0.713,6.7010000000000005,90.0,19.8,16.42,9.427999999999999,12.1312,29,0.060878559000000006,1,2.5974999999999997,1,0,0,1
17.7,48.1,0.713,6.376,88.4,19.8,14.65,9.854,13.1416,24,0.062928764,1,2.565,1,0,0,0
19.5,48.1,0.713,6.317,83.0,19.8,13.99,5.89,15.155999999999999,22,0.070732691,0,2.735,0,0,0,1
20.2,48.1,0.713,6.513,89.9,19.8,10.29,8.804,15.1616,30,0.07516822599999999,0,2.8025,1,0,0,0
21.4,48.1,0.655,6.209,65.4,19.8,13.22,7.827999999999999,11.1712,55,0.057674333,1,2.9650000000000003,0,0,1,0
19.9,48.1,0.655,5.7589999999999995,48.2,19.8,14.13,9.998,12.1592,43,0.065980125,0,3.065,0,0,0,0
19.0,48.1,0.655,5.952000000000001,84.7,19.8,17.15,8.38,10.152000000000001,21,0.057142887,1,2.8725,1,0,0,0
19.1,48.1,0.584,6.002999999999999,94.5,19.8,21.32,9.482000000000001,13.1528,21,0.050545377,0,2.54,0,0,1,0
19.1,48.1,0.58,5.926,71.0,19.8,18.13,5.882000000000001,15.1528,28,0.049370098,0,2.91,0,0,0,0
20.1,48.1,0.58,5.712999999999999,56.7,19.8,14.76,6.3020000000000005,13.1608,27,0.051188122,1,2.825,0,0,0,0
19.9,48.1,0.58,6.167000000000001,84.0,19.8,16.29,5.598,12.1592,36,0.063720531,1,3.035,0,0,0,1
19.6,48.1,0.532,6.229,90.7,19.8,12.87,8.692,13.1568,52,0.04747729,0,3.0975,1,0,1,0
23.2,48.1,0.58,6.437,75.0,19.8,14.36,8.464,15.1856,39,0.063409461,0,2.895,1,0,1,0
29.8,48.1,0.614,6.98,67.6,19.8,11.66,7.396,15.2384,56,0.062915696,0,2.5325,1,0,1,0
13.8,48.1,0.584,5.4270000000000005,95.4,19.8,18.14,9.076,11.1104,47,0.049707252,0,2.4275,0,0,1,0
13.3,48.1,0.584,6.162000000000001,97.4,19.8,24.1,9.066,11.1064,27,0.063035421,0,2.205,1,1,0,0
16.7,48.1,0.614,6.484,93.6,19.8,18.68,6.1339999999999995,14.1336,22,0.056696324000000006,1,2.3024999999999998,1,0,0,1
12.0,48.1,0.614,5.303999999999999,97.3,19.8,24.91,9.34,15.095999999999998,39,0.061921548,0,2.1025,0,1,0,0
14.6,48.1,0.614,6.185,96.7,19.8,18.03,5.292000000000001,15.1168,60,0.065217793,0,2.17,1,1,0,0
21.4,48.1,0.614,6.229,88.0,19.8,13.11,6.127999999999999,10.1712,32,0.063157529,1,1.95,0,0,0,1
23.0,48.1,0.532,6.242000000000001,64.7,19.8,10.74,8.56,13.184000000000001,22,0.046089255999999995,0,3.4225,0,0,0,1
23.7,48.1,0.532,6.75,74.9,19.8,7.74,6.974,15.1896,46,0.046987414000000005,1,3.3299999999999996,0,0,0,0
25.0,48.1,0.532,7.061,77.0,19.8,7.01,5.5,11.2,29,0.058384238,0,3.41,0,1,0,0
21.8,48.1,0.532,5.7620000000000005,40.3,19.8,10.42,9.636000000000001,14.1744,57,0.048221723,1,4.1000000000000005,0,0,1,0
20.6,48.1,0.583,5.871,41.9,19.8,13.34,8.112,12.1648,31,0.060860495,0,3.7225,1,1,0,0
21.2,48.1,0.583,6.312,51.9,19.8,10.58,9.024,13.1696,51,0.049993542,0,3.99,0,0,1,0
19.1,48.1,0.583,6.114,79.8,19.8,14.98,8.582,12.1528,57,0.059506497,0,3.5449999999999995,1,0,0,0
20.6,48.1,0.583,5.905,53.2,19.8,11.45,8.412,11.1648,44,0.062054499000000006,1,3.1500000000000004,0,0,0,0
15.2,57.74,0.609,5.454,92.7,19.9,18.06,6.004,14.1216,28,0.060475975999999994,0,1.8199999999999998,0,0,0,0
7.0,57.74,0.609,5.414,98.3,19.9,23.97,9.84,15.056,29,0.065888635,1,1.7575000000000003,0,0,0,0
8.1,57.74,0.609,5.093,98.0,19.9,29.68,9.162,10.0648,49,0.062741536,1,1.8225000000000002,1,0,1,0
13.6,57.74,0.609,5.983,98.8,19.9,18.07,7.072,14.1088,47,0.056278464,1,1.8675,0,0,0,0
20.1,57.74,0.609,5.983,83.5,19.9,13.35,8.902000000000001,13.1608,57,0.062228045,1,2.1075,1,0,0,1
21.8,39.69,0.585,5.707000000000001,54.0,20.8,12.01,5.936,14.1744,31,0.058020893,1,2.3825000000000003,1,0,0,1
24.5,39.69,0.585,5.926,42.6,20.8,13.59,8.79,11.196,47,0.054577495,1,2.38,1,0,0,1
23.1,39.69,0.585,5.67,28.8,20.8,17.6,8.462,14.1848,55,0.055591669,0,2.8000000000000003,0,0,1,0
19.7,39.69,0.585,5.39,72.9,20.8,21.14,7.899767068273099,12.1576,44,0.061026488,0,2.7975,0,0,0,1
18.3,39.69,0.585,5.794,70.6,20.8,14.1,5.3660000000000005,14.1464,55,0.057946368,0,2.8925,1,1,0,0
21.2,39.69,0.585,6.019,65.3,20.8,12.92,5.824,14.1696,32,0.054545842000000004,0,2.4074999999999998,1,0,0,1
17.5,39.69,0.585,5.569,73.5,20.8,15.1,9.85,14.14,47,0.063466301,1,2.4,0,1,0,0
16.8,39.69,0.585,6.027,79.7,20.8,14.33,6.236000000000001,14.1344,54,0.052497379000000004,0,2.4975,0,1,0,0
22.4,41.93,0.573,6.593,69.1,19.0,9.67,9.347999999999999,12.1792,27,0.056005680999999995,1,2.4775,0,0,1,0
20.6,41.93,0.573,6.12,76.7,19.0,9.08,6.612,13.1648,20,0.059903421,1,2.2875,1,0,1,0
23.9,41.93,0.573,6.976,91.0,19.0,5.64,5.478,12.1912,31,0.05757228599999999,1,2.1675,0,0,0,0
22.0,41.93,0.573,6.794,89.3,19.0,6.48,7.94,15.175999999999998,47,0.06069429900000001,1,2.39,1,0,0,0
19.0,41.93,0.573,6.03,80.8,19.0,7.88,10.28,10.152000000000001,45,0.060335899000000005,1,2.5050000000000003,1,0,0,0
